User: USER,Path: C:\Program Files (x86)\BMG\CLARIOstar\User\Data,Test run no.: 2989,,,,,
Test name: CBC_Ab_680,Date: 2024-03-21,Time: 3:16:13 PM,,,,,
,,,,,,,
ID1: 14,,,,,,,
Absorbance spectrum,,,,,,,
,,,,,,,
Well,,A01,A02,A03,B01,B02,B03
Content,Wavelength [nm],Sample X1,Sample X2,Sample X3,Sample X4,Sample X5,Sample X6
Raw Data (Abs Spectrum),400,0.136,overflow,0.125,0.187,0.18,0.242
Raw Data (Abs Spectrum),405,0.133,overflow,0.122,0.181,0.176,0.239
Raw Data (Abs Spectrum),410,0.13,overflow,0.12,0.175,0.172,0.235
Raw Data (Abs Spectrum),415,0.128,overflow,0.118,0.172,0.17,0.232
Raw Data (Abs Spectrum),420,0.126,3.434,0.116,0.168,0.167,0.229
Raw Data (Abs Spectrum),425,0.124,overflow,0.114,0.165,0.164,0.227
Raw Data (Abs Spectrum),430,0.123,overflow,0.113,0.162,0.163,0.226
Raw Data (Abs Spectrum),435,0.122,overflow,0.112,0.159,0.161,0.224
Raw Data (Abs Spectrum),440,0.12,3.363,0.111,0.155,0.159,0.222
Raw Data (Abs Spectrum),445,0.12,overflow,0.11,0.153,0.158,0.22
Raw Data (Abs Spectrum),450,0.119,overflow,0.109,0.15,0.156,0.219
Raw Data (Abs Spectrum),455,0.118,overflow,0.109,0.148,0.155,0.218
Raw Data (Abs Spectrum),460,0.117,3.425,0.108,0.145,0.153,0.216
Raw Data (Abs Spectrum),465,0.116,overflow,0.107,0.144,0.153,0.216
Raw Data (Abs Spectrum),470,0.116,3.474,0.107,0.142,0.152,0.215
Raw Data (Abs Spectrum),475,0.115,overflow,0.107,0.141,0.151,0.214
Raw Data (Abs Spectrum),480,0.114,3.484,0.106,0.139,0.149,0.213
Raw Data (Abs Spectrum),485,0.113,overflow,0.104,0.137,0.147,0.211
Raw Data (Abs Spectrum),490,0.113,overflow,0.104,0.136,0.146,0.21
Raw Data (Abs Spectrum),495,0.113,overflow,0.104,0.136,0.146,0.21
Raw Data (Abs Spectrum),500,0.113,overflow,0.105,0.135,0.146,0.21
Raw Data (Abs Spectrum),505,0.113,3.407,0.104,0.134,0.147,0.21
Raw Data (Abs Spectrum),510,0.112,overflow,0.104,0.133,0.146,0.21
Raw Data (Abs Spectrum),515,0.112,overflow,0.104,0.132,0.145,0.209
Raw Data (Abs Spectrum),520,0.111,overflow,0.103,0.13,0.144,0.207
Raw Data (Abs Spectrum),525,0.111,overflow,0.103,0.128,0.143,0.207
Raw Data (Abs Spectrum),530,0.111,overflow,0.103,0.127,0.142,0.205
Raw Data (Abs Spectrum),535,0.111,3.372,0.103,0.127,0.142,0.206
Raw Data (Abs Spectrum),540,0.111,overflow,0.103,0.126,0.142,0.206
Raw Data (Abs Spectrum),545,0.111,overflow,0.103,0.126,0.141,0.205
Raw Data (Abs Spectrum),550,0.11,overflow,0.103,0.125,0.141,0.205
Raw Data (Abs Spectrum),555,0.11,3.351,0.104,0.125,0.142,0.206
Raw Data (Abs Spectrum),560,0.11,overflow,0.104,0.124,0.141,0.205
Raw Data (Abs Spectrum),565,0.11,overflow,0.103,0.123,0.141,0.205
Raw Data (Abs Spectrum),570,0.11,3.31,0.103,0.122,0.14,0.204
Raw Data (Abs Spectrum),575,0.109,overflow,0.102,0.121,0.14,0.203
Raw Data (Abs Spectrum),580,0.109,overflow,0.103,0.121,0.14,0.204
Raw Data (Abs Spectrum),585,0.108,overflow,0.102,0.12,0.14,0.203
Raw Data (Abs Spectrum),590,0.108,overflow,0.102,0.119,0.139,0.203
Raw Data (Abs Spectrum),595,0.108,overflow,0.102,0.117,0.138,0.202
Raw Data (Abs Spectrum),600,0.108,overflow,0.101,0.117,0.137,0.201
Raw Data (Abs Spectrum),605,0.107,overflow,0.1,0.116,0.136,0.2
Raw Data (Abs Spectrum),610,0.106,overflow,0.1,0.116,0.136,0.2
Raw Data (Abs Spectrum),615,0.106,overflow,0.1,0.115,0.135,0.199
Raw Data (Abs Spectrum),620,0.105,overflow,0.099,0.113,0.134,0.198
Raw Data (Abs Spectrum),625,0.105,overflow,0.099,0.112,0.133,0.197
Raw Data (Abs Spectrum),630,0.104,overflow,0.098,0.112,0.132,0.196
Raw Data (Abs Spectrum),635,0.104,3.363,0.097,0.112,0.132,0.196
Raw Data (Abs Spectrum),640,0.103,overflow,0.097,0.111,0.131,0.195
Raw Data (Abs Spectrum),645,0.102,overflow,0.097,0.11,0.13,0.194
Raw Data (Abs Spectrum),650,0.102,overflow,0.096,0.109,0.129,0.194
Raw Data (Abs Spectrum),655,0.102,overflow,0.096,0.108,0.128,0.193
Raw Data (Abs Spectrum),660,0.101,overflow,0.095,0.108,0.128,0.193
Raw Data (Abs Spectrum),665,0.101,3.15,0.095,0.108,0.128,0.192
Raw Data (Abs Spectrum),670,0.1,3.376,0.094,0.106,0.127,0.192
Raw Data (Abs Spectrum),675,0.099,overflow,0.094,0.106,0.126,0.191
Raw Data (Abs Spectrum),680,0.1,overflow,0.094,0.105,0.125,0.191
Raw Data (Abs Spectrum),685,0.099,overflow,0.094,0.105,0.125,0.19
Raw Data (Abs Spectrum),690,0.099,3.427,0.094,0.104,0.125,0.19
Raw Data (Abs Spectrum),695,0.099,overflow,0.093,0.103,0.124,0.19
Raw Data (Abs Spectrum),700,0.099,3.216,0.093,0.102,0.123,0.189
Raw Data (Abs Spectrum),705,0.098,3.121,0.093,0.102,0.123,0.189
Raw Data (Abs Spectrum),710,0.099,overflow,0.093,0.102,0.124,0.189
Raw Data (Abs Spectrum),715,0.099,overflow,0.094,0.102,0.124,0.188
Raw Data (Abs Spectrum),720,0.098,3.394,0.093,0.102,0.123,0.188
Raw Data (Abs Spectrum),725,0.097,3.318,0.092,0.101,0.122,0.187
Raw Data (Abs Spectrum),730,0.097,3.07,0.092,0.1,0.122,0.187
Raw Data (Abs Spectrum),735,0.097,overflow,0.092,0.1,0.121,0.186
Raw Data (Abs Spectrum),740,0.097,overflow,0.092,0.101,0.122,0.187
Raw Data (Abs Spectrum),745,0.097,overflow,0.092,0.1,0.122,0.187
Raw Data (Abs Spectrum),750,0.097,3.3,0.092,0.1,0.122,0.186
